"have safe sex (e.g. Use condom?) by Background Characteristics","","","","",""
"","","","Do you agree that a woman has a right to decide if","",""
"","","","she will have safe sex (e.g. use a condom)?","",""
"Background Characteristics","","YES","NO","UNSURE","Total"
"Highest level of education","None","80.7","9.2","10.2","100.0"
"","Non-Formal","92.7","7.3",".0","100.0"
"","Primary","77.8","7.3","14.9","100.0"
"","Secondary","92.1","4.6","3.3","100.0"
"","Higher","96.8","2.5",".7","100.0"
"What is your current marital status?","NEVER MARRIED","85.0","5.7","9.4","100.0"
"","MARRIED","94.0","4.4","1.6","100.0"
"","LIVING TOGETHER/COHABITATION","93.4","4.8","1.7","100.0"
"","SEPARATED","92.4","7.6",".0","100.0"
"","DIVORCED","93.7","2.4","3.9","100.0"
"","WIDOWED","86.3","9.3","4.4","100.0"
"Type of locality","Cities & Towns","92.5","4.2","3.3","100.0"
"","Urban Villages","89.1","5.1","5.8","100.0"
"","Urban*","181.6","9.3","9.1","200.0"
"","Rural","84.3","6.4","9.3","100.0"
"","Total","88.2","5.3","6.4","100.0"
