"","Table 53C: Percentage Distribution of population aged 10-64 years who have ever accessed any of","","","","",""
"","the social and medical services by whether or not they received any HIV/AIDS prevention message","","","","",""
"","through any of the social and medical services and District","","","","",""
"Final HIV status adjusted for ART status:   Negative","","","","","",""
"District","","Male","","Female","","All"
"","","Did you receive any HIV/","Did you receive any HIV/","","Did you receive any HIV/",""
"","","AIDS prevention messag-","AIDS prevention messag-","","AIDS prevention messag-",""
"","","es through any of those","es through any of those","","es through any of those",""
"","","services?","","services?","","services?"
"","1","2","1","2","1","2"
"Gaborone","92.5","7.5","82.8","17.2","86.3","13.7"
"Francistown","90.8","9.2","95.2","4.8","92.9","7.1"
"Lobatse","91.2","8.8","91.5","8.5","91.3","8.7"
"Selebi-Phikwe","93.4","6.6","88.0","12.0","90.6","9.4"
"Orapa","96.8","3.2","98.3","1.7","97.6","2.4"
"Jwaneng","94.5","5.5","86.5","13.5","90.0","10.0"
"Sowa","96.0","4.0","100.0",".0","97.5","2.5"
"Southern","92.0","8.0","92.4","7.6","92.3","7.7"
"Barolong","81.6","18.4","91.4","8.6","86.9","13.1"
"Ngwaketse West","93.3","6.7","76.8","23.2","83.1","16.9"
"Southeast","78.6","21.4","95.9","4.1","89.0","11.0"
"Kweneng East","76.2","23.8","84.2","15.8","80.5","19.5"
"Kweneng West","96.3","3.7","72.4","27.6","87.5","12.5"
"Kgatleng","87.5","12.5","91.7","8.3","89.8","10.2"
"Central-Serowe","77.0","23.0","75.5","24.5","76.0","24.0"
"Central-Mahalapye","79.4","20.6","87.1","12.9","83.2","16.8"
"Central-Bobonong","100.0",".0","82.9","17.1","87.7","12.3"
"Central-Boteti","93.9","6.1","93.4","6.6","93.6","6.4"
"Central-Tutume","70.4","29.6","83.5","16.5","78.4","21.6"
"Northeast","70.9","29.1","90.1","9.9","82.4","17.6"
"Ngamiland South","84.3","15.7","89.9","10.1","87.0","13.0"
"Ngamiland North","78.2","21.8","83.2","16.8","81.4","18.6"
"Chobe","90.9","9.1","91.6","8.4","91.3","8.7"
"Ghanzi","79.5","20.5","79.3","20.7","79.4","20.6"
"Kgalagadi South","79.7","20.3","78.0","22.0","78.7","21.3"
"Kgalagadi North","69.0","31.0","75.8","24.2","73.9","26.1"
"Total","84.3","15.7","86.4","13.6","85.5","14.5"
