"","Table 53B: Percentage Distribution of population aged 10-64 years who have ever accessed any of the social","","","","",""
"","and medical services by whether or not they received any HIV/AIDS prevention message through any of the","","","","",""
"","social and medical services and background characteristics","","","","",""
"Final HIV status adjusted for ART status:   Negative","","","","","",""
"","","Male","","Female","","All"
"","Did you receive any HIV/","","Did you receive any HIV/","","Did you receive any HIV/",""
"","AIDS prevention messag-","","AIDS prevention messag-","","AIDS prevention messag-",""
"","es through any of those","","es through any of those","","","es through any of those"
"","","services?","","services?","","services?"
"Background Characteristics","1","2","1","2","1","2"
"Highest level of 
None","85.9","14.1","77.9","22.1","81.1","18.9"
"education","","","","","",""
"Non-Formal","100.0",".0","100.0",".0","100.0",".0"
"Primary","73.9","26.1","78.1","21.9","76.4","23.6"
"Secondary","84.5","15.5","87.0","13.0","85.8","14.2"
"Higher","91.8","8.2","95.1","4.9","93.7","6.3"
"What is your cur-
NEVER MARRIED","81.4","18.6","84.3","15.7","82.9","17.1"
"rent marital status?","","","","","",""
"MARRIED","91.0","9.0","90.1","9.9","90.5","9.5"
"LIVING TOGETHER/COHABITATION","88.1","11.9","87.8","12.2","87.9","12.1"
"SEPARATED","100.0",".0","100.0",".0","100.0",".0"
"DIVORCED","100.0",".0","100.0",".0","100.0",".0"
"WIDOWED","100.0",".0","80.1","19.9","81.7","18.3"
"What is your main 
CHRISTIANITY","84.5","15.5","88.0","12.0","86.6","13.4"
"religious affiliation?","","","","","",""
"ISLAM","100.0",".0","100.0",".0","100.0",".0"
"BAHAI",".0",".0",".0",".0",".0",".0"
"HINDUISM",".0",".0",".0",".0",".0",".0"
"BADIMO","90.0","10.0","58.5","41.5","77.9","22.1"
"OTHER(SPECIFY)","24.0","76.0",".0",".0","24.0","76.0"
"NO RELIGION","82.0","18.0","77.1","22.9","80.1","19.9"
"Type of locality
Cities & Towns","92.3","7.7","86.9","13.1","89.2","10.8"
"Urban Villages","81.8","18.2","90.9","9.1","86.7","13.3"
"Urban*","174.1","25.9","177.8","22.2","176.0","24.0"
"Rural","81.6","18.4","81.2","18.8","81.3","18.7"
