"Of the individual population eligible for marriage (16 years and above), the results show that",""
"53.6 percent were never married; close to a fifth (17.9%) were married; a quarter (24.6%) were",""
"living  together;  2.3  percent  were  widowed;  1.1  were  divorced  while  less  than  one  percent",""
"(0.4%) were separated. The results show that 85.2 percent of individuals covered in the survey",""
"were Christian; close to one in ten (9.4%) had no religion; 4.3 believed in Badimo (ancestors)",""
"while 1 percent belonged to other non-Christian religions.",""
"Over a fifth (22.0%) of individuals covered in the survey resided in Cities and Towns; 40 percent",""
"resided in urban villages while 37.9% resided in rural areas.",""
"The 2013 unemployment rate among population aged 18 years and above was estimated at",""
"19.8 percent. The unemployment rate for persons aged 15 years and above was estimated",""
"at 20 percent. The unemployment was largely concentrated among the youths of age group",""
"of 18 to 34. Although this is higher than the rate of 17.9 percent in the Botswana Core Welfare",""
"Indicator Survey (BCWIS) unemployment tends to be higher from January to May in which the",""
"BAIS IV survey was conducted.",""
"5.2.3","Household Member’s Characteristics"
"5.2.3.1 <s>Household with continuously ill persons</s>",""
"","Results show that 7.1 percent of households had a bed ridden member for at least three months"
"prior to the survey. Of these households, 95 percent had one bedridden member, 4.96% percent",""
"had two bedridden members while less than one percent had three bedridden members",""
"The highest percentage of bedridden members occurred among respondents between ages",""
"15-59 years (57%) followed by those below 15 years of age (35.3%) and Table 3a and 3b show",""
"number of households with a three-month bedridden member in the past 12 months by age",""
"and  external  help.  Of  a  total  of  959  respondents,  566  indicated  that  they  received  care  or",""
"assistance from outside in relation to reported illnesses.",""
"5.2.3.2<s> Assistance given to continuously ill people</s>",""
"The results revealed that 61.1 percent of all bedridden persons aged 15-59 years received care",""
"and assistance from outside in relation to reported illnesses.  Among all bedridden persons aged",""
"less than 15 years and more than 59 years, 55.7 percent and 60 percent reported receiving the",""
"same care or assistance respectively. The care or assistance from outside came either from",""
"hospitals, relatives, community organizations, traditional healers, etc.",""
"5.2.3.3<s> Deaths in the households</s>",""
"The BAIS IV results reveal that 2.1% of households reported at least 1 death in the past 12 months",""
"preceding the BAIS IV. Out of this, 95.8 % reported 1 death, while 2.9% and 1.3% of households",""
"reported 2 and 3 deaths respectively.",""
"5.3","The Scale of the Pandemic: HIV Prevalence and Incidence"
"The BAIS IV survey estimated a national prevalence rate of 18.5 percent compared to 17.6",""
"percent in BAIS III among population aged 18 months and above. Among the same population",""
"HIV incidence rate (adjusted) was estimated at 1.35 percent.",""
"Using the Recent Infection Testing Algorithm (RITA) method to estimate the crude incidence,",""
"crude incidence rate was estimated at 2.61% in BAIS IV compared to 2.7% in BAIS III. (N.B: when",""
"not using RITA crude incidence in BAIS III was estimated at 2.9% compared to 2.41 in BAIS IV).",""
