"Final HIV status adjusted for ART status:   Positive","","","","",""
"","","","Ever Had Sex","",""
"","","","Used Male/Female Condom","",""
"","","","Respondents age at first sex","",""
"Characteristic","","10-14 yrs","15-19 yrs","20-24 yrs","All"
"Sex of person","Female","2.9","77.1","20.1","100.0"
"","Male","16.3","74.7","9.0","100.0"
"Highest level of education","None","81.7","18.3",".0","100.0"
"","Non-Formal",".0",".0",".0",".0"
"","Primary","11.9","88.1",".0","100.0"
"","Secondary","3.9","76.8","19.4","100.0"
"","Higher",".0","74.6","25.4","100.0"
"What is your current marital","NEVER MARRIED","4.6","67.0","28.4","100.0"
"status?","","","","",""
"","MARRIED",".0",".0",".0",".0"
"","LIVING TOGETHER/COHABITATION","6.0","91.2","2.8","100.0"
"","SEPARATED",".0",".0",".0",".0"
"","DIVORCED",".0",".0",".0",".0"
"","WIDOWED",".0",".0",".0",".0"
"Type of locality","Cities & Towns",".0","63.6","36.4","100.0"
"","Urban Villages",".0","87.1","12.9","100.0"
"","Urban*",".0","150.7","49.3","200.0"
"","Rural","13.6","74.6","11.8","100.0"
"","Total","5.1","76.7","18.2","100.0"
