"","Table 52B Percentage Distribution of women 10-64 years who attended antenatal clinic during last pregnancy","","","",""
"according to HIV testing by background characteristics","","","","",""
"Background characteristics","","","Were you tested for HIV during your visit to the antenatal","",""
"","","","clinic?","",""
"","","Tested","","Did not test","Total"
"Highest level of education","None","94.5","","5.5","100.0"
"","Non-Formal","100.0","",".0","100.0"
"","Primary","86.4","","13.6","100.0"
"","Secondary","92.9","","7.1","100.0"
"","Higher","97.5","","2.5","100.0"
"What is your current marital status?","NEVER MARRIED","95.3","","4.7","100.0"
"","MARRIED","86.7","","13.3","100.0"
"","LIVING TOGETHER/COHABITATION","92.8","","7.2","100.0"
"","SEPARATED","100.0","",".0","100.0"
"","DIVORCED","100.0","",".0","100.0"
"","WIDOWED","82.3","","17.7","100.0"
"Type of locality","Cities & Towns","95.1","","4.9","100.0"
"","Urban Villages","90.5","","9.5","100.0"
"","Urban*","185.6","","14.4","200.0"
"","Rural","94.0","","6.0","100.0"
"What is your main religious affiliation?","CHRISTIANITY","93.2","","6.8","100.0"
"","ISLAM","19.4","","80.6","100.0"
"","BAHAI",".0","",".0",".0"
"","HINDUISM",".0","",".0",".0"
"","BADIMO","95.2","","4.8","100.0"
"","NO RELIGION","92.7","","7.3","100.0"
"","OTHER(SPECIFY)","79.7","","20.3","100.0"
