"","Table 53C: Percentage Distribution of population aged 10-64 years who have ever accessed any of","","","","",""
"","the social and medical services by whether or not they received any HIV/AIDS prevention message","","","","",""
"","through any of the social and medical services and District","","","","",""
"Final HIV status adjusted for ART status:   Positive","","","","","",""
"District","","Male","","Female","","All"
"","","Did you receive any HIV/","Did you receive any HIV/","","Did you receive any HIV/",""
"","","AIDS prevention messag-","AIDS prevention messag-","","AIDS prevention messag-",""
"","","es through any of those","es through any of those","","","es through any of those"
"","","services?","","services?","","services?"
"","1","2","1","2","1","2"
"Gaborone","89.0","11.0","94.7","5.3","92.8","7.2"
"Francistown","100.0",".0","94.8","5.2","96.7","3.3"
"Lobatse","85.0","15.0","93.3","6.7","91.2","8.8"
"Selebi-Phikwe","96.8","3.2","94.1","5.9","95.2","4.8"
"Orapa","100.0",".0","91.6","8.4","93.8","6.2"
"Jwaneng","90.5","9.5","86.8","13.2","88.3","11.7"
"Sowa","100.0",".0","100.0",".0","100.0",".0"
"Southern","63.9","36.1","91.2","8.8","85.1","14.9"
"Barolong","100.0",".0","92.1","7.9","93.1","6.9"
"Ngwaketse West","100.0",".0","100.0",".0","100.0",".0"
"Southeast","88.7","11.3","100.0",".0","95.1","4.9"
"Kweneng East","84.8","15.2","96.5","3.5","92.7","7.3"
"Kweneng West","100.0",".0","89.7","10.3","91.1","8.9"
"Kgatleng","100.0",".0","73.1","26.9","81.7","18.3"
"Central-Serowe","100.0",".0","100.0",".0","100.0",".0"
"Central-Mahalapye","94.8","5.2","95.7","4.3","95.3","4.7"
"Central-Bobonong","100.0",".0","100.0",".0","100.0",".0"
"Central-Boteti","83.7","16.3","89.4","10.6","87.8","12.2"
"Central-Tutume","100.0",".0","94.9","5.1","96.5","3.5"
"Northeast","89.1","10.9","100.0",".0","95.3","4.7"
"Ngamiland South","100.0",".0","95.9","4.1","96.4","3.6"
"Ngamiland North","84.1","15.9","85.9","14.1","85.4","14.6"
"Chobe","90.4","9.6","94.5","5.5","92.1","7.9"
"Ghanzi","93.2","6.8","94.0","6.0","93.6","6.4"
"Kgalagadi South","100.0",".0","72.4","27.6","76.8","23.2"
"Kgalagadi North","63.7","36.3","84.5","15.5","75.5","24.5"
"Total","92.4","7.6","94.0","6.0","93.5","6.5"
