"NEVER MARRIED
What is","Know condom use can 
prevent HIV infection
92.0","Know that if both partners","prevent HIV infection
22.2","32.7","Know 3 methods of HIV 
Prevention
58.7","Know condom use can 
prevent HIV infection
93.8","Know that if both partners","prevent HIV infection
22.8","33.7","Know 3 methods of HIV 
Prevention
55.2","Know condom use can 
prevent HIV infection
93.0","Know that if both partners","prevent HIV infection
22.5","33.2","Know 3 methods of HIV 
Prevention
56.8"
"your","","","","","","","","","","","","","","",""
"MARRIED","91.1","","31.7","28.2","53.5","91.8","","28.3","30.9","54.7","91.5","","29.8","29.7","54.2"
"current","","","","","","","","","","","","","","",""
"marital","","","","","","","","","","","","","","",""
"LIVING TOGETHER/COHABITATION","95.8","","28.1","21.6","58.5","95.3","","28.6","30.0","52.7","95.5","","28.4","26.4","55.2"
"status?","","","","","","","","","","","","","","",""
"SEPARATED","100.0","","7.4","19.8","72.8","98.8","","39.5","8.7","53.0","99.0","","34.3","10.5","56.2"
"DIVORCED","98.8","","10.1","16.8","80.5","97.2","","35.7","27.2","39.9","97.7","","27.3","23.8","53.3"
"WIDOWED","100.0","","25.5","20.0","54.5","88.9","","27.8","26.4","61.3","91.0","","27.3","25.2","60.1"
"Total","92.8","","24.8","29.4","58.0","93.8","","25.3","32.0","54.5","93.3","","25.1","30.9","56.1"
