"What is","NEVER MARRIED","Know condom use can
 prevent HIV infection
92.8","HIV infection
23","can prevent HIV infection
35.1","Know 3 methods of HIV
 Prevention
55.6","Know condom use can
 prevent HIV infection
93.9","24.1","can prevent HIV infection
35.2","Know 3 methods of HIV 
Prevention
52.6","Know condom use can 
prevent HIV infection
93.4","HIV infection
23.6","can prevent HIV infection
35.2","Know 3 methods of HIV 
Prevention
53.9"
"your","","","","","","","","","","","","",""
"","MARRIED","90.3","34","31.4","50.6","92.8","29.8","35.9","48.2","91.7","31.6","34","49.2"
"current","","","","","","","","","","","","",""
"marital","LIVING TOGETHER/COHABITATION","96.9","28.9","25.1","53.9","95.9","31.2","32","49.5","96.3","30.2","29.2","51.2"
"status?","","","","","","","","","","","","",""
"","SEPARATED","100","42.2","39.5","18.3","97.8","64.2","16","21.9","98.2","60.9","19.6","21.4"
"","DIVORCED","100","4.9","19","76.1","100","44.8","41.9","28.9","100","33.8","35.6","41.9"
"","WIDOWED","100","26.4","27.5","46.1","89.6","38.1","32","46.7","91.8","35.6","31.1","46.6"
"","Total","93.2","25.8","32.6","54.5","94.2","27.1","34.6","50.8","93.8","26.5","33.7","52.3"
