"","Table 11a Population of children aged 10-17 years by orphan hood status, residence, school attendance and sex","","","","","","","",""
"","","","","Has ... ever attended school?","","","","",""
"","","Ever Attended","","","Never Attended","","","Total",""
"Orphan hood status by Residence","Male","Female","All","Male","Female","All","Male","Female","All"
"Cities
Not orphan - Have both parents","46.9","53.1","100.0","55.5","44.5","100.0","48.2","51.8","100.0"
"Single Orphan - Have one known parent","41.2","58.8","100.0",".0","100.0","100.0","38.6","61.4","100.0"
"Double Orphan - Have no known parent","42.3","57.7","100.0",".0","100.0","100.0","37.7","62.3","100.0"
"Towns
Not orphan - Have both parents","48.5","51.5","100.0","46.4","53.6","100.0","48.1","51.9","100.0"
"Single Orphan - Have one known parent","41.6","58.4","100.0","83.3","16.7","100.0","44.1","55.9","100.0"
"Double Orphan - Have no known parent","49.7","50.3","100.0","100.0",".0","100.0","52.8","47.2","100.0"
"Urban 
Not orphan - Have both parents","52.2","47.8","100.0","46.7","53.3","100.0","51.1","48.9","100.0"
"Villages","","","","","","","","",""
"Single Orphan - Have one known parent","53.5","46.5","100.0","63.6","36.4","100.0","54.8","45.2","100.0"
"Double Orphan - Have no known parent","66.8","33.2","100.0",".0","100.0","100.0","63.2","36.8","100.0"
"Rural
Not orphan - Have both parents","51.9","48.1","100.0","50.1","49.9","100.0","51.3","48.7","100.0"
"Single Orphan - Have one known parent","52.7","47.3","100.0","47.3","52.7","100.0","51.8","48.2","100.0"
"Double Orphan - Have no known parent","50.3","49.7","100.0",".0","100.0","100.0","45.3","54.7","100.0"
