"background characteristics","","",""
"Final HIV status adjusted for ART status:   Positive","","",""
"","","","How many people did you have sex with in the"
"","","past 12 months?",""
"Background characteristics","","One","More than One"
"Sex of person","Female","73398","4989"
"Highest level of education","None","11991","1364"
"","Non-Formal","942","101"
"","Primary","33598","2858"
"","Secondary","61464","7329"
"","Higher","12136","1375"
"What is your main religious affiliation?","CHRISTIANITY","98917","10726"
"","ISLAM","39","0"
"","BAHAI","0","0"
"","HINDUISM","0","0"
"","BADIMO","7401","283"
"","OTHER(SPECIFY)","96","0"
"","NO RELIGION","13678","2019"
"Type of locality","Cities & Towns","27789","3555"
"","Urban Villages","48774","5050"
"","Urban*","76562","8604"
"","Rural","43568","4423"
"","Total","120131","13028"
