"Table 32C.1 Percentage Distribution of male population aged 10-64","","",""
"years by Circumcision status and District","","",""
"","","Are you circumcised?",""
"District","YES","NO","Total"
"Gaborone","26.1","73.9","100.0"
"Francistown","30.5","69.5","100.0"
"Lobatse","34.5","65.5","100.0"
"Selebi-Phikwe","28.0","72.0","100.0"
"Orapa","33.9","66.1","100.0"
"Jwaneng","30.8","69.2","100.0"
"Sowa","26.7","73.3","100.0"
"Southern","25.4","74.6","100.0"
"Barolong","22.0","78.0","100.0"
"Ngwaketse West","18.9","81.1","100.0"
"Southeast","23.5","76.5","100.0"
"Kweneng East","22.9","77.1","100.0"
"Kweneng West","22.8","77.2","100.0"
"Kgatleng","38.4","61.6","100.0"
"Central-Serowe","22.1","77.9","100.0"
"Central-Mahalapye","25.0","75.0","100.0"
"Central-Bobonong","14.7","85.3","100.0"
"Central-Boteti","22.5","77.5","100.0"
"Central-Tutume","20.3","79.7","100.0"
"Northeast","25.8","74.2","100.0"
"Ngamiland South","25.8","74.2","100.0"
"Ngamiland North","10.9","89.1","100.0"
"Chobe","26.4","73.6","100.0"
"Ghanzi","22.1","77.9","100.0"
"Kgalagadi South","10.0","90.0","100.0"
"Kgalagadi North","19.7","80.3","100.0"
