"Table 17A: Percentage Distribution of Male Population aged 15-49","","",""
"years by number of people with whom had had sexual","","",""
"intercourse in the last 12 months and the last ONE month, and Age","","",""
"Final HIV status adjusted for ART status:   Negative","","",""
"","","How many people did you have sex with in the",""
"","","past 12 months?",""
"Age","","One","More than One"
"Sex of person","Male","74.4","25.6"
"15 – 19","","79.7","20.3"
"20 – 24","","81.2","18.8"
"25 – 29","","79.2","20.8"
"30 – 34","","78.7","21.3"
"35 – 39","","85.4","14.6"
"40 – 44","","89.5","10.5"
"45 – 49","","93.3","6.7"
"14-18","","73.6","26.4"
"19-24","","81.4","18.6"
"15-24","","80.8","19.2"
"25-49","","83.0","17.0"
"15-49","","82.3","17.7"
"20-30","","80.5","19.5"
"31-49","","85.3","14.7"
"Table 17A: Percentage Distribution of Male Population aged 15-49","","",""
"years by number of people with whom had had sexual intercourse","","",""
"in the last 12 months and the last ONE month, and Age","","",""
"Final HIV status adjusted for ART status:   Positive","","",""
"","","How many people did you have sex with in the",""
"","","past 12 months?",""
"Age","","One","More than One"
"Sex of person","Male","85.3","14.7"
"15 – 19","","96.5","3.5"
"20 – 24","","83.8","16.2"
"25 – 29","","88.4","11.6"
"30 – 34","","88.2","11.8"
"35 - 39","","91.8","8.2"
"40 - 44","","92.5","7.5"
"45 - 49","","95.3","4.7"
"14-18","","100.0",".0"
"19-24","","84.2","15.8"
"15-24","","85.5","14.5"
"25-49","","90.9","9.1"
"15-49","","90.4","9.6"
"20-30","","87.6","12.4"
"31-49","","91.4","8.6"
