"None
Highest","Know condom use can 
prevent HIV infection
90.9","Know that if both partners","have no other partners 
can prevent HIV infection
20.5","Know that having no sex","at all can prevent HIV 
infection
20.0","Know 3 methods of HIV 
Prevention
70.8","Know condom use can 
prevent HIV infection
88.6","Know that if both partners","have no other partners 
can prevent HIV infection
24.8","Know that having no sex","at all can prevent HIV 
infection
19.0","Know 3 methods of HIV 
Prevention
68.7","Know condom use can 
prevent HIV infection
89.9","Know that if both partners","have no other partners 
can prevent HIV infection
22.4","Know that having no sex","at all can prevent HIV 
infection
19.6","Know 3 methods of HIV 
Prevention
69.9"
"level of","","","","","","","","","","","","","","","","","",""
"Non-Formal","97.3","","22.0","","2.3","80.8","96.6","","25.7","","13.9","65.1","96.8","","24.8","","11.0","69.0"
"education","","","","","","","","","","","","","","","","","",""
"Primary","89.8","","18.8","","23.4","70.3","91.2","","20.6","","28.4","62.3","90.6","","19.9","","26.3","65.7"
"Secondary","94.3","","24.6","","29.9","56.0","95.7","","25.1","","31.1","53.0","95.1","","24.9","","30.6","54.3"
"Higher","93.1","","33.4","","39.1","44.4","93.3","","31.9","","44.3","43.8","93.2","","32.6","","41.8","44.1"
"Total","92.8","","24.8","","29.4","58.0","93.8","","25.3","","32.0","54.5","93.3","","25.1","","30.9","56.1"
