"Table 66 B Percentage Distribution of Female Population 15-49 years, who had sexual intercourse not","","","","","","",""
"more than 12 months ago by number of people had sex with, by sex and background characteristics","","","","","","",""
"Final HIV status adjusted for ART status:   Negative","","","","","","",""
"","","","","Number of people respondent had sex with in","","",""
"","","","","","past 12 months","",""
"Background Characteristics","","","One","","More than One","Total",""
"Sex-reconciled","Female
Have you had sex in the","YES","","92.2","7.8","","100.0"
"","past 12 months?","","","","","",""
"Highest level of education","None","","","91.1","8.9","","100.0"
"","Non-Formal","","","92.4","7.6","","100.0"
"","Primary","","","90.1","9.9","","100.0"
"","Secondary","","","83.8","16.2","","100.0"
"","Higher","","","78.1","21.9","","100.0"
"What is your main religious affilia-","CHRISTIANITY","","","85.3","14.7","","100.0"
"tion?","","","","","","",""
"","ISLAM","","","64.8","35.2","","100.0"
"","BAHAI","","",".0",".0","",".0"
"","HINDUISM","","",".0",".0","",".0"
"","BADIMO","","","68.4","31.6","","100.0"
"","OTHER(SPECIFY)","","","56.2","43.8","","100.0"
"","NO RELIGION","","","82.4","17.6","","100.0"
"Type of locality","Cities & Towns","","","80.3","19.7","","100.0"
"","Urban Villages","","","82.3","17.7","","100.0"
"","Urban*","","","162.6","37.4","","200.0"
"","Rural","","","88.6","11.4","","100.0"
"","Total","","","84.0","16.0","","100.0"
