"Target Population","","Population","","Population","Rate (%)","",""
"","Individuals (10-64years)","9,807","","8,231","83.9","",""
"","DBS (6weeks and above)","13,808","","10,140","73.4","",""
"","Tested and want HIV results","10,140","","8,070","79.6","",""
"","","","Urban","","","Rural","Total"
"","","","","Urban","","",""
"Households and Persons Enumerated","","Cities","Towns","Villages","All","",""
"Enumeration Areas in Sample","","","","","","",""
"","Sampled","462","1186","1085","2733","1791","4524"
"","Completed","416","1127","995","2538","1663","4201"
"Number of Households","Response rate (%)","90","95","91.7","92.9","92.9","92.9"
"Persons Enumerated","","","","","","",""
"","Total Eligible","1063","2630","2493","6186","3621","9807"
"Persons aged 10-64 years eligible for","","","","","","",""
"","Completed","817","2224","2123","5164","3067","8231"
"individual questionnaire","","","","","","",""
"","Response Rate (%)","76.9","84.6","85.2","83.5","84.7","83.9"
"","Total Eligible","1339","3361","3486","8186","5622","13808"
"","Provided Blood Specimen for HIV","","","","","",""
"","Testing – Provided","952","2472","2453","5877","4263","10140"
"Persons aged 6 weeks and above eligible for","","","","","","",""
"HIV Testing","","","","","","",""
"","HIV Testing Participation Rate (%)","71.1","73.6","70.4","71.8","75.8","73.4"
"","Proportion tested and wanting to","","","","","",""
"","know test Results (%)","78.9","77.3","82.6","81.20%","86.4","79.6"
