"","before the survey, by type of relationship with sexual partner and background characteristics","","","","","",""
"Final HIV status adjusted for ART status:   Negative","","","","","","",""
"Background characteristics","","Type of partner(1)","","Type of partner(2)","","Type of partner(3)",""
"","","Regular","Non-Regular","Regular","Non-Regular","Regular","Non-Regular"
"","","Partner","Partner","Partner","Partner","Partner","Partner"
"Highest level of","None","68.3","31.7","18.8","81.2","19.4","80.6"
"education","","","","","","",""
"","Non-Formal","68.3","31.7",".0","100.0",".0",".0"
"","Primary","67.4","32.6","22.3","77.7","11.9","88.1"
"","Secondary","40.7","59.3","8.8","91.2","1.5","98.5"
"","Higher","42.5","57.5","8.2","91.8","5.6","94.4"
"What is your","MARRIED","97.3","2.7","44.8","55.2","45.0","55.0"
"current marital","","","","","","",""
"","NEVER MARRIED","6.5","93.5","1.6","98.4",".0","100.0"
"status?","","","","","","",""
"","LIVING TOGETHER/COHABITATION","79.7","20.3","28.2","71.8","16.2","83.8"
"","SEPARATED","38.1","61.9",".0","100.0",".0","100.0"
"","DIVORCED","17.1","82.9","34.4","65.6",".0","100.0"
"","WIDOWED","25.3","74.7",".0","100.0",".0",".0"
"What is your main","CHRISTIANITY","49.2","50.8","9.7","90.3","6.3","93.7"
"religious affiliation?","","","","","","",""
"","ISLAM","18.9","81.1",".0","100.0",".0","100.0"
"","BAHAI",".0",".0",".0",".0",".0",".0"
"","HINDUISM",".0",".0",".0",".0",".0",".0"
"","BADIMO","39.7","60.3","11.3","88.7",".0","100.0"
"","OTHER(SPECIFY)","47.3","52.7",".0","100.0",".0","100.0"
"","NO RELIGION","42.1","57.9","15.7","84.3",".8","99.2"
"Type of locality","Cities & Towns","44.8","55.2","7.6","92.4",".2","99.8"
"","Urban Villages","43.3","56.7","7.1","92.9","8.8","91.2"
"","Urban*","88.1","111.9","14.7","185.3","9.0","191.0"
"","Rural","55.5","44.5","19.8","80.2","5.2","94.8"
