"","Table 52C Percentage Distribution of women 10-64 years who attended antenatal","",""
"clinic during last pregnancy according to HIV testing by district","","",""
"","","Were you tested for HIV during your visit",""
"","","to the antenatal clinic?",""
"District","Tested","Did not test","Total"
"Gaborone","95.2","4.8","100.0"
"Francistown","96.3","3.7","100.0"
"Lobatse","92.4","7.6","100.0"
"Selebi-Phikwe","94.3","5.7","100.0"
"Orapa","96.9","3.1","100.0"
"Jwaneng","94.1","5.9","100.0"
"Sowa","94.8","5.2","100.0"
"Southern","94.1","5.9","100.0"
"Barolong","93.4","6.6","100.0"
"Ngwaketse West","100.0",".0","100.0"
"Southeast","94.4","5.6","100.0"
"Kweneng East","85.5","14.5","100.0"
"Kweneng West","90.1","9.9","100.0"
"Kgatleng","94.9","5.1","100.0"
"Central-Serowe","92.6","7.4","100.0"
"Central-Mahalapye","92.2","7.8","100.0"
"Central-Bobonong","93.9","6.1","100.0"
"Central-Boteti","90.5","9.5","100.0"
"Central-Tutume","94.8","5.2","100.0"
"Northeast","96.5","3.5","100.0"
"Ngamiland South","93.0","7.0","100.0"
"Ngamiland North","92.8","7.2","100.0"
"Chobe","100.0",".0","100.0"
"Ghanzi","98.2","1.8","100.0"
"Kgalagadi South","94.2","5.8","100.0"
"Kgalagadi North","82.9","17.1","100.0"
"Total","92.8","7.2","100.0"
