"","Table 10a Population of children aged 12-17 by orphan hood status, residence, sex and current student status","","","","","","","",""
"","","","","","Has ... ever attended school?","","","",""
"","","Still at school","","","Left school","","","Total",""
"Orphan hood Status by Residence","Male","Female","Total","Male","Female","Total","Male","Female","Total"
"Cities
Not orphan - Have both parents","47.3","52.7","100.0","40.2","59.8","100.0","46.9","53.1","100.0"
"Single Orphan - Have one known parent","38.2","61.8","100.0","60.7","39.3","100.0","41.2","58.8","100.0"
"Double Orphan - Have no known parent","37.3","62.7","100.0","54.3","45.7","100.0","42.3","57.7","100.0"
"Towns
Not orphan - Have both parents","48.6","51.4","100.0","47.0","53.0","100.0","48.5","51.5","100.0"
"Single Orphan - Have one known parent","43.9","56.1","100.0",".0","100.0","100.0","41.6","58.4","100.0"
"Double Orphan - Have no known parent","49.7","50.3","100.0",".0",".0",".0","49.7","50.3","100.0"
"Urban 
Not orphan - Have both parents","52.0","48.0","100.0","64.7","35.3","100.0","52.2","47.8","100.0"
"Villages","","","","","","","","",""
"Single Orphan - Have one known parent","53.0","47.0","100.0","62.5","37.5","100.0","53.5","46.5","100.0"
"Double Orphan - Have no known parent","67.8","32.2","100.0","47.0","53.0","100.0","66.8","33.2","100.0"
"Rural
Not orphan - Have both parents","51.8","48.2","100.0","53.9","46.1","100.0","51.9","48.1","100.0"
"Single Orphan - Have one known parent","53.8","46.2","100.0","42.2","57.8","100.0","52.7","47.3","100.0"
"Double Orphan - Have no known parent","53.0","47.0","100.0","24.6","75.4","100.0","50.3","49.7","100.0"
"Total
Not orphan - Have both parents","51.0","49.0","100.0","53.1","46.9","100.0","51.1","48.9","100.0"
"Single Orphan - Have one known parent","51.8","48.2","100.0","50.3","49.7","100.0","51.7","48.3","100.0"
"Double Orphan - Have no known parent","55.4","44.6","100.0","41.8","58.2","100.0","53.8","46.2","100.0"
