"Final HIV status adjusted for ART status:   Negative","","",""
"","","How many people did you have sex with",""
"","","in the past 12 months?",""
"Background characteristics","","One","More than One"
"Sex of person","Male","74.4","25.6"
"Highest level of education","None","91.1","8.9"
"","Non-Formal","92.4","7.6"
"","Primary","90.1","9.9"
"","Secondary","83.8","16.2"
"","Higher","78.1","21.9"
"What is your main religious affiliation?","CHRISTIANITY","85.3","14.7"
"","ISLAM","64.8","35.2"
"","BAHAI",".0",".0"
"","HINDUISM",".0",".0"
"","BADIMO","68.4","31.6"
"","OTHER(SPECIFY)","56.2","43.8"
"","NO RELIGION","82.4","17.6"
"Type of locality","Cities & Towns","80.3","19.7"
"","Urban Villages","82.3","17.7"
"","Urban*","162.6","37.4"
"","Rural","88.6","11.4"
"","Total","84.0","16.0"
