"","","","","Did you use a condom",""
"","","Did you use a condom the first","","the first time you had",""
"","","time you had sexual intercourse","","sexual intercourse with",""
"","","with this partner 1?","","this partner 2?",""
"","","","","YES used",""
"Background characteristics","","YES used Condom","NO","condom","NO"
"Female","","81.9","18.1","86.6","13.4"
"Highest level of education","None","52.5","47.5","67.8","32.2"
"","Non-Formal","51","49","0","0"
"","Primary","70.5","29.5","96.1","3.9"
"","Secondary","89.1","10.9","90.2","9.8"
"","Higher","87.7","12.3","92.1","7.9"
"What is your current mari-","MARRIED","59.3","40.7","99.4","0.6"
"tal status?","","","","",""
"","NEVER MARRIED","91.6","8.4","89.7","10.3"
"","LIVING TOGETHER/COHABITATION","84.6","15.4","93.8","6.2"
"","SEPARATED","88.4","11.6","100","0"
"","DIVORCED","87.7","12.3","100","0"
"","WIDOWED","92.2","7.8","0","0"
"Type of locality","Cities","85","15","95.4","4.6"
"","Towns","87.8","12.2","95.3","4.7"
"","Urban Villages","85.8","14.2","87.9","12.1"
"","urban*","85.8","14.2","91.2","8.8"
"","Rural","75","25","91","9"
"","Total","82.2","17.8","91.1","8.9"
