"Background characteristics","YES,MALE 
CONDOM","YES,FEMALE 
CONDOM","NO","DON’T RE-
MEMBER","YES,MALE 
CONDOM","YES,FEMALE 
CONDOM","NO","DON’T RE-","MEMBER","YES,MALE 
CONDOM","YES,FEMALE","CONDOM","NO","DON’T RE-
MEMBER"
"What is your 
NEVER 
Sex of","Male
85.4",".2","13.9",".5","90.0",".5","9.5","",".0","90.3","",".0","8.8",".9"
"current marital 
MARRIED
person","","","","","","","","","","","","","",""
"status?","","","","","","","","","","","","","",""
"Highest level of 
None","34.6",".0","65.2",".2","64.1",".0","","",".0","92.7","",".0","7.3",".0"
"education","","","","","","","","","","","","","",""
"Non-Formal","48.8",".0","51.2",".0",".0",".0","","",".0",".0","",".0",".0",".0"
"Primary","55.3","1.2","43.2",".3","80.0",".0","","",".0","94.2","",".0","5.8",".0"
"Secondary","73.7",".4","25.9",".0","84.6",".5","","",".0","91.2","",".0","7.7","1.2"
"Higher","70.9",".5","27.6","1.0","92.3","1.9","5.8","",".0","91.1","",".0","8.4",".6"
"Type of locality
Cities & Towns","72.7",".8","26.3",".1","91.0",".1","8.9","",".0","90.3","",".0","7.5","2.2"
"Urban Villages","69.3",".5","29.5",".7","87.3","1.4","","",".0","95.3","",".0","4.7",".0"
"Urban*","142.0","1.3","55.9",".8","178.3","1.5","","",".0","185.7","",".0","12.2","2.2"
"Rural","59.1",".3","40.6",".1","76.1","1.0","","",".0","86.8","",".0","13.2",".0"
"","Table 75B Percentage Distribution of Male Population aged 15-49 years, not married or living together by use of condom","","","","","","","","","","","","",""
"","the last time they had sex with most, next most and second most recent sexual partner and ALL sexual partners by","","","","","","","","","","","","",""
"background characteristics","","","","","","","","","","","","","",""
