"questions. The data also showed that 73.4% of population 6weeks and above participated in HIV","","",""
"testing. Hence the information provided in the BAIS VI survey is reliable given these good response","","",""
"rates.  Among those who provided samples for HIV testing, 79.6 % of tested population wanted","","",""
"","Table 2: Un-weighted data of sampled population by target","",""
"population and response rate","","",""
"","Sampled","Responded","Response"
"Target Population","Population","Population","Rate (%)"
"Individuals (10-64years)","9,807","8,231","83.9"
"DBS (6weeks and above)","13,808","10,140","73.4"
"Tested and want HIV results","10,140","8,070","79.6"
