"","Kgalagadi South","7.1","15.0","11.1"
"","Kgalagadi North","18.2","18.1","18.1"
"","Total Population","15.6","20.8","18.5"
"5.3.5","Prevalence Rate by Education Level","","",""
"","According to Fig 4 the prevalence of HIV rises from 11.6 per cent among respondents with pre-primary","","",""
"education to 16.5 per cent among respondents with primary education, and further to 22.2 percent","","","",""
"amongst  those  with  Secondary.  HIV  prevalence  is  also  high  among  respondents  with  non-formal","","","",""
"education (20.6%). HIV prevalence declines discernibly with increasing levels of education beyond","","","",""
"secondary and is lowest among respondents with university qualifications (2% or less)","","","",""
