"","and status of help/support during the 12 months preceding the survey","","","",""
"","","In the past 12 months has you household received","","",""
"","","any help or support specifically for children living","","",""
"District and Residence","Yes","","No","","Total"
"Gaborone","",".0","","100.0","100.0"
"Francistown","",".0","","100.0","100.0"
"Lobatse","","36.9","","63.1","100.0"
"Selebi-Phikwe","",".0","","100.0","100.0"
"Orapa","","25.6","","74.4","100.0"
"Jwaneng","","100.0","",".0","100.0"
"Southern","",".0","","100.0","100.0"
"Ngwaketse West","",".0","","100.0","100.0"
"Southeast","","61.9","","38.1","100.0"
"Kweneng East","","100.0","",".0","100.0"
"Kweneng West","","25.1","","74.9","100.0"
"Kgatleng","","66.1","","33.9","100.0"
"Central-Serowe","","17.1","","82.9","100.0"
"Central-Mahalapye","",".0","","100.0","100.0"
"Central-Bobonong","",".0","","100.0","100.0"
"Central-Boteti","",".0","","100.0","100.0"
"Central-Tutume","","51.1","","48.9","100.0"
"Northeast","","34.3","","65.7","100.0"
"Ngamiland South","","23.2","","76.8","100.0"
"Ngamiland North","","28.9","","71.1","100.0"
"Chobe","",".0","","100.0","100.0"
"Ghanzi","",".0","","100.0","100.0"
"Kgalagadi South","",".0","","100.0","100.0"
"Kgalagadi North","",".0","","100.0","100.0"
"Total","","26.5","","73.5","100.0"
"Cities","",".0","","100.0","100.0"
"Towns","","20.8","","79.2","100.0"
"Urban Villages","","34.5","","65.5","100.0"
"Rural","","25.5","","74.5","100.0"
"Total","","26.5","","73.5","100.0"
