"Final HIV status adjusted for ART status:   Positive","","","",""
"District","","Ever Had Sex","",""
"","","Used Male/Female Condom","",""
"","","Respondents age at first sex","",""
"","10-14 yrs","15-19 yrs","20-24 yrs","All"
"Gaborone","0","368","809","1177"
"Francistown","0","660","158","818"
"Lobatse","0","206","39","245"
"Selebi-Phikwe","0","503","0","503"
"Orapa","0","35","47","82"
"Jwaneng","0","57","0","57"
"Sowa","0","8","0","8"
"Southern","330","220","0","550"
"Barolong","0","0","0","0"
"Ngwaketse West","0","32","0","32"
"Southeast","0","0","315","315"
"Kweneng East","0","1752","0","1752"
"Kweneng West","0","166","116","282"
"Kgatleng","0","589","0","589"
"Central-Serowe","0","182","182","365"
"Central-Mahalapye","0","672","0","672"
"Central-Bobonong","0","533","0","533"
"Central-Boteti","0","462","130","592"
"Central-Tutume","0","1051","0","1051"
"Northeast","0","410","83","492"
"Ngamiland South","0","413","172","584"
"Ngamiland North","77","268","116","461"
"Chobe","0","318","0","318"
"Ghanzi","205","141","0","346"
"Kgalagadi South","0","33","0","33"
"Kgalagadi North","0","46","0","46"
"Total","612","9125","2167","11904"
