"Highest 
None","Know condom use can 
prevent HIV infection
89.8","Know that if both 
partners have no other","partners can prevent 
HIV infection
25.7","Know that having no 
sex at all can prevent 
21.0","Know 3 methods of HIV 
Prevention
67.0","Know condom use can 
prevent HIV infection
91.6","Know that if both 
partners have no other","partners can prevent 
HIV infection
28.3","Know that having no","sex at all can prevent 
HIV infection
17.4","Know 3 methods of HIV 
Prevention
64.2","Know condom use can 
prevent HIV infection
90.7","Know that if both 
partners have no other","partners can prevent 
HIV infection
26.9","Know that having no","sex at all can prevent 
HIV infection
19.4","Know 3 methods of HIV 
Prevention
65.7"
"level of","","","","","","","","","","","","","","","","",""
"Non-Formal","100.0","",".0",".0","100.0","100.0","","14.9","","30.4","55.2","100.0","","14.8","","30.2","55.6"
"education","","","","","","","","","","","","","","","","",""
"Primary","91.2","","15.3","28.1","67.4","90.1","","18.0","","35.0","59.5","90.5","","16.9","","32.2","62.6"
"Secondary","94.7","","24.4","31.7","54.7","95.9","","26.5","","32.5","50.3","95.4","","25.7","","32.1","52.1"
"Higher","92.5","","35.1","39.8","43.0","93.6","","35.9","","42.2","42.4","93.1","","35.6","","41.1","42.7"
"Total","93.2","","25.8","32.6","54.5","94.2","","27.1","","34.6","50.8","93.8","","26.5","","33.7","52.3"
