"15-49","86.1","13.9","100.0","","91.0","","9.0"
"20-30","91.8","8.2","100.0","","95.3","","4.7"
"31-49","79.9","20.1","100.0","","88.1","","11.9"
"","Table 23B.1.Percentage Distribution of population aged 15-49 years by use of condom the first time they had sex","","","","","",""
"","with most, next most and second most recent partner and ALL recent sexual partners by background variables.","","","","","",""
"","","","Did you use a condom the first time","","","Did you use a condom the",""
"","","","you had sexual intercourse with this","","","first time you had sexual in-",""
"","","","partner 1?","","","tercourse with this partner 2?",""
"","","","YES used","","","YES used",""
"","","","Condom","NO","Total","condom","NO"
"Background variables","","","Row N %","Row N %","Row N %","Count","Count"
"Highest level of education","None","","52.5","47.5","100.0","505","240"
"","Non-Formal","","51.0","49.0","100.0","0","0"
"","Primary","","70.5","29.5","100.0","4405","179"
"","Secondary","","89.1","10.9","100.0","15796","1707"
"","Higher","","87.7","12.3","100.0","10110","868"
"What is your current marital","MARRIED","","59.3","40.7","100.0","1740","11"
"status?","","","","","","",""
"","NEVER MARRIED","","91.6","8.4","100.0","22535","2582"
"","LIVING TOGETHER/COHABITATION","","84.6","15.4","100.0","6029","401"
"","SEPARATED","","88.4","11.6","100.0","115","0"
"","DIVORCED","","87.7","12.3","100.0","398","0"
"","WIDOWED","","92.2","7.8","100.0","0","0"
"Type of locality","Cities","","85.0","15.0","100.0","8819","424"
"","Towns","","87.8","12.2","100.0","2127","104"
"","Urban Villages","","85.8","14.2","100.0","12987","1786"
"","urban*","","85.8","14.2","100.0","23933","2314"
"","Rural","","75.0","25.0","100.0","6884","680"
"","Total","","82.2","17.8","100.0","30817","2994"
