"","the last 12 months and the last ONE month, and Age","","",""
"","Final HIV status adjusted for ART status:   Negative","","",""
"","","","How many people did you have sex with in the past",""
"","","12 months?","",""
"Age","","","One","More than One"
"Sex of person","Female","","92.2","7.8"
"15 - 19","","","79.7","20.3"
"20 - 24","","","81.2","18.8"
"25 - 29","","","79.2","20.8"
"30 - 34","","","78.7","21.3"
"35 - 39","","","85.4","14.6"
"40 - 44","","","89.5","10.5"
"45 - 49","","","93.3","6.7"
"14-18","","","73.6","26.4"
"19-24","","","81.4","18.6"
"15-24","","","80.8","19.2"
"25-49","","","83.0","17.0"
"15-49","","","82.3","17.7"
"20-30","","","80.5","19.5"
"31-49","","","85.3","14.7"
"","Table 18A: Percentage Distribution of Female Population aged 15-49","","",""
"","years by number of people with whom had had sexual intercourse in","","",""
