"Highest 
None","Know condom use can 
prevent HIV infection
92.8","Know that if both partners","prevent HIV infection
18.7","22.7","Know 3 methods of HIV 
Prevention
68.5","Know condom use can 
prevent HIV infection
90.7","Know that if both partners","prevent HIV infection
20","19.6","Know 3 methods of HIV 
Prevention
70.1","Know condom use can 
prevent HIV infection
91.8","Know that if both partners","prevent HIV infection
19.3","21.3","Know 3 methods of HIV 
Prevention
69.2"
"level of","","","","","","","","","","","","","","",""
"Non-Formal","97.1","","20.7","0","82.2","96.6","","26.1","21.5","57.2","96.7","","24.8","16.2","63.3"
"education","","","","","","","","","","","","","","",""
"Primary","91.7","","18.8","21.6","69.9","91.2","","21.7","28.2","62.2","91.4","","20.5","25.5","65.4"
"Secondary","94.3","","24.7","31.7","54.5","95.9","","26.2","30.5","52.7","95.2","","25.6","31","53.5"
"Higher","93.1","","35.2","38.9","43","92.4","","34.6","42.1","43.5","92.7","","34.9","40.6","43.2"
"Total","93.4","","25.6","30.7","55.9","94","","26.7","31.8","53.6","93.8","","26.2","31.3","54.6"
