"","Table 8.1a Population of Orphaned and Venerable Children by age and status of","",""
"help/support during the 12 months preceding the survey","","",""
"","","In the past 12 months has you household received",""
"","","any help or support specifically for children living",""
"Age","Yes","No","Total"
"0-4","26.5","73.5","100.0"
"5-9","23.6","76.4","100.0"
"10-14","33.7","66.3","100.0"
"15-17","28.6","71.4","100.0"
"0-3","26.3","73.7","100.0"
"4-6","36.1","63.9","100.0"
"7-13","26.4","73.6","100.0"
"14-17","23.3","76.7","100.0"
