"","first time they had sex with most, next and second most recent sexual partner and ALL recent","","",""
"sexual partners by district","","","",""
"","Did you use a condom the first time you","","Did you use a condom the first time you had",""
"","had sexual intercourse with this partner 1?","","sexual intercourse with this partner 2?",""
"District","YES used Condom","NO","YES used condom","NO"
"Male","82.7","17.3","24474","2013"
"Female","81.9","18.1","6342","981"
"Gaborone","85.4","14.6","6753","259"
"Francistown","84","16","2066","165"
"Lobatse","86.4","13.6","733","76"
"Selebi-Phikwe","89.1","10.9","777","0"
"Orapa","88.2","11.8","251","21"
"Jwaneng","87","13","372","0"
"Sowa","84.7","15.3","56","7"
"Southern","81","19","1467","259"
"Barolong","86.6","13.4","119","0"
"Ngwaketse West","75.9","24.1","81","0"
"Southeast","77.6","22.4","2098","240"
"Kweneng East","81.3","18.7","2841","893"
"Kweneng West","67.7","32.3","861","0"
"Kgatleng","78.8","21.2","1208","351"
"Central-Serowe","83","17","779","0"
"Central-Mahalapye","83.7","16.3","1502","344"
"Central-Bobonong","87.1","12.9","727","0"
"Central-Boteti","84.2","15.8","1132","111"
"Central-Tutume","79.5","20.5","1270","0"
"Northeast","82.4","17.6","314","0"
"Ngamiland South","80.1","19.9","2052","0"
"Ngamiland North","77","23","649","0"
"Chobe","86","14","1084","37"
"Ghanzi","78.8","21.2","891","201"
"Kgalagadi South","82.9","17.1","394","29"
"Kgalagadi North","73.5","26.5","340","0"
