"Final HIV status adjusted for ART status:   Positive","","","","","","",""
"","","","","Number of people respondent had sex","","",""
"","","","","","with in past 12 months","",""
"Background Characteristics","","","One","","More than One","Total",""
"Sex-reconciled","Male
Have you had sex in the","YES","","85.3","14.7","","100.0"
"","past 12 months?","","","","","",""
"Highest level of education","None","","","89.8","10.2","","100.0"
"","Non-Formal","","","90.3","9.7","","100.0"
"","Primary","","","92.2","7.8","","100.0"
"","Secondary","","","89.3","10.7","","100.0"
"","Higher","","","89.8","10.2","","100.0"
"What is your main religious affilia-","CHRISTIANITY","","","90.2","9.8","","100.0"
"tion?","","","","","","",""
"","ISLAM","","","100.0",".0","","100.0"
"","BAHAI","","",".0",".0","",".0"
"","HINDUISM","","",".0",".0","",".0"
"","BADIMO","","","96.3","3.7","","100.0"
"","OTHER(SPECIFY)","","","100.0",".0","","100.0"
"","NO RELIGION","","","87.1","12.9","","100.0"
"Type of locality","Cities & Towns","","","88.7","11.3","","100.0"
"","Urban Villages","","","90.6","9.4","","100.0"
"","Urban*","","","179.3","20.7","","200.0"
"","Rural","","","90.8","9.2","","100.0"
"","Total","","","90.2","9.8","","100.0"
