"Table 9a Population of children aged 12-17 by orphan hood status,","","","",""
"sex and current student status","","","",""
"","","","Has ... ever attended school?",""
"Orphan hood status of 12-17 year olds by sex","","Still at school","Left school","Total"
"Not orphan - Have both parents","Male","95.7","4.3","100.0"
"","Female","96.1","3.9","100.0"
"Single Orphan - Have one known parent","Male","92.8","7.2","100.0"
"","Female","92.4","7.6","100.0"
"Double Orphan - Have no known parent","Male","91.1","8.9","100.0"
"","Female","85.5","14.5","100.0"
