"","Table 24B.1 Percentage Distribution of male population aged 15-49 years by use of condom the first time","","",""
"","they had sex with most, next and second most recent sexual partner and ALL recent sexual partners by","","",""
"background statistics","","","",""
"","Did you use a condom the first time you","","Did you use a condom the",""
"","had sexual intercourse with this partner","","first time you had sexual in-",""
"","1?","","tercourse with this partner 2?",""
"","","","YES used",""
"Background characteristics","YES used Condom","NO","condom","NO"
"Male","82.7","17.3","92.4","7.6"
"None","52.5","47.5","67.8","32.2"
"Non-Formal","51.0","49.0",".0",".0"
"Primary","70.5","29.5","96.1","3.9"
"Secondary","89.1","10.9","90.2","9.8"
"Highest level of","","","",""
"education
Higher","87.7","12.3","92.1","7.9"
"MARRIED","59.3","40.7","99.4",".6"
"NEVER MARRIED","91.6","8.4","89.7","10.3"
"LIVING TOGETHER/COHABITATION","84.6","15.4","93.8","6.2"
"SEPARATED","88.4","11.6","100.0",".0"
"DIVORCED","87.7","12.3","100.0",".0"
"What is your current","","","",""
"marital status?
WIDOWED","92.2","7.8",".0",".0"
"Cities","85.0","15.0","95.4","4.6"
"Towns","87.8","12.2","95.3","4.7"
"Urban Villages","85.8","14.2","87.9","12.1"
"urban*","85.8","14.2","91.2","8.8"
"Rural","75.0","25.0","91.0","9.0"
"Type of locality
Total","82.2","17.8","91.1","8.9"
