"","Table 25A.1 Distribution of female population aged 15-49 years by use of condom","","",""
"","the first time they had sex with most, next and second most recent sexual partner","","",""
"and ALL recent sexual partners by age","","","",""
"","","","Did you use a condom the first",""
"","Did you use a condom the first time you had sexual","","time you had sexual intercourse",""
"","intercourse with this partner 1?","","with this partner 2?",""
"Age","YES used Condom","NO","YES used condom","NO"
"Female","81.9","18.1","86.6","13.4"
"15 - 19","92.6","7.4","78.3","21.7"
"20 - 24","93.4","6.6","98.7","1.3"
"25 - 29","91.5","8.5","90.4","9.6"
"30 - 34","88.3","11.7","92.3","7.7"
"35 - 39","85","15","93.8","6.2"
"40 - 44","74","26","85.2","14.8"
"45 - 49","64.7","35.3","75","25"
"15-18","89.9","10.1","65.1","34.9"
"19-24","93.7","6.3","98.9","1.1"
"15-24","93.2","6.8","93.1","6.9"
"25-49","83.7","16.3","89.7","10.3"
"15-49","86.1","13.9","91","9"
"20-30","91.8","8.2","95.3","4.7"
"31-49","79.9","20.1","88.1","11.9"
