"","before the survey, by type of relationship with sexual partner and background characteristics","","","","","",""
"Final HIV status adjusted for ART status:   Positive","","","","","","",""
"Background characteristics","","Type of partner(1)","","Type of partner(2)","","Type of partner(3)",""
"","","Regular","Non-Regular","Regular","Non-Regular","Regular","Non-Regular"
"","","Partner","Partner","Partner","Partner","Partner","Partner"
"Highest level of","None","71.9","28.1","68.7","31.3",".0",".0"
"education","","","","","","",""
"","Non-Formal","67.7","32.3",".0","100.0",".0",".0"
"","Primary","60.6","39.4","23.0","77.0",".0","100.0"
"","Secondary","49.3","50.7","9.3","90.7",".0","100.0"
"","Higher","55.5","44.5","3.6","96.4",".0","100.0"
"What is your","MARRIED","99.0","1.0","14.3","85.7",".0","100.0"
"current marital","","","","","","",""
"","NEVER MARRIED","6.2","93.8","3.6","96.4",".0","100.0"
"status?","","","","","","",""
"","LIVING TOGETHER/COHABITATION","85.8","14.2","37.6","62.4",".0","100.0"
"","SEPARATED","26.9","73.1",".0","100.0",".0",".0"
"","DIVORCED",".0","100.0",".0","100.0",".0","100.0"
"","WIDOWED","36.8","63.2",".0","100.0",".0",".0"
"What is your main","CHRISTIANITY","56.7","43.3","11.8","88.2",".0","100.0"
"religious affiliation?","","","","","","",""
"","ISLAM","100.0",".0",".0",".0",".0",".0"
"","BAHAI",".0",".0",".0",".0",".0",".0"
"","HINDUISM",".0",".0",".0",".0",".0",".0"
"","BADIMO","38.0","62.0","52.6","47.4",".0","100.0"
"","OTHER(SPECIFY)",".0","100.0",".0",".0",".0",".0"
"","NO RELIGION","55.2","44.8","45.1","54.9",".0","100.0"
"Type of locality","Cities & Towns","62.0","38.0","19.6","80.4",".0","100.0"
"","Urban Villages","53.6","46.4","13.0","87.0",".0","100.0"
"","Urban*","115.6","84.4","32.7","167.3",".0","200.0"
"","Rural","53.2","46.8","22.0","78.0",".0","100.0"
