"","sex with most, next most and second most recent sexual partner and ALL sexual partners by background","","","","",""
"characteristics","","","","","",""
"Final HIV status adjusted for ART status:   Negative","","","","","",""
"","","Did you use a condom the first time you","","Did you use a condom the first time you","",""
"","","had sexual intercourse with this partner 1?","","had sexual intercourse with this partner 2?","",""
"","YES, used","","","YES, used","",""
"Background characteristics","Condom","NO","Total","Condom","NO","Total"
"Sex of","","","","","",""
"person
Male","83.2","16.8","100.0","94.4","5.6","100.0"
"Highest level 
None","49.4","50.6","100.0","100.0",".0","100.0"
"of educa-","","","","","",""
"Non-Formal","43.3","56.7","100.0",".0",".0",".0"
"tion","","","","","",""
"Primary","64.9","35.1","100.0","94.2","5.8","100.0"
"Secondary","90.2","9.8","100.0","92.9","7.1","100.0"
"Higher","89.1","10.9","100.0","92.6","7.4","100.0"
"What is your 
NEVER MARRIED","91.8","8.2","100.0","91.2","8.8","100.0"
"current mar-","","","","","",""
"MARRIED","57.6","42.4","100.0","98.6","1.4","100.0"
"ital status?","","","","","",""
"LIVING TOGETHER/COHABITATION","83.6","16.4","100.0","99.2",".8","100.0"
"SEPARATED","100.0",".0","100.0","100.0",".0","100.0"
"DIVORCED","80.3","19.7","100.0","100.0",".0","100.0"
"WIDOWED","93.3","6.7","100.0",".0",".0",".0"
"CHRISTIANITY
What is","82.8","17.2","100.0","95.0","5.0","100.0"
"your main","","","","","",""
"ISLAM","89.7","10.3","100.0","100.0",".0","100.0"
"religious","","","","","",""
"affiliation?
BAHAI",".0",".0",".0",".0",".0",".0"
"HINDUISM",".0",".0",".0",".0",".0",".0"
"BADIMO","70.7","29.3","100.0","78.1","21.9","100.0"
"OTHER(SPECIFY)","100.0",".0","100.0","100.0",".0","100.0"
"NO RELIGION","81.9","18.1","100.0","92.5","7.5","100.0"
"Type of 
Cities & Towns","88.7","11.3","100.0","95.7","4.3","100.0"
"locality","","","","","",""
"Urban Villages","86.6","13.4","100.0","95.2","4.8","100.0"
"Urban*","175.3","24.7","200.0","190.9","9.1","200.0"
"Rural","72.5","27.5","100.0","85.6","14.4","100.0"
"Total","82.2","17.8","100.0","93.2","6.8","100.0"
