"","Table 16B Percentage Distribution of Never Married (female) Population Aged 10-64 years, Never Given Birth and","","","","","",""
"","Ever/Never Had Sex by Sex and background characteristics","","","","","",""
"Final HIV status adjusted for ART status:   Negative","","","","","","",""
"","","","","","","Have you ever had sexual intercourse",""
"Background characteristics","","","","","Had Sex","Never Had","Total"
"","What is","","","","","",""
"","your cur-","","","","","",""
"","rent marital","NEVER","Have ever","","","",""
"Sex of person","status?
Female","MARRIED","given birth?","NO","46.6","53.4","100.0"
"","None","","","","81.3","18.7","100.0"
"","Non-Formal","","","","84.9","15.1","100.0"
"","Primary","","","","48.2","51.8","100.0"
"","Secondary","","","","66.2","33.8","100.0"
"Highest level of education","Higher","","","","95.1","4.9","100.0"
"","CHRISTIANITY","","","","66.4","33.6","100.0"
"","ISLAM","","","","100.0",".0","100.0"
"","BAHAI","","","",".0",".0",".0"
"","HINDUISM","","","",".0",".0",".0"
"","BADIMO","","","","81.0","19.0","100.0"
"","OTHER(SPECIFY)","","","","74.9","25.1","100.0"
"What is your main religious affiliation?","NO RELIGION","","","","75.7","24.3","100.0"
"","Cities & Towns","","","","74.2","25.8","100.0"
"","Urban Villages","","","","64.9","35.1","100.0"
"","Urban*","","","","139.1","60.9","200.0"
"Type of locality","Rural","","","","67.7","32.3","100.0"
