"Final HIV status adjusted for ART status:   Positive","","",""
"","","How many people did you have sex with",""
"","","in the past 12 months?",""
"Background characteristics","","One","More than One"
"Sex of person","Male","85.3","14.7"
"Highest level of education","None","89.8","10.2"
"","Non-Formal","90.3","9.7"
"","Primary","92.2","7.8"
"","Secondary","89.3","10.7"
"","Higher","89.8","10.2"
"What is your main religious affiliation?","CHRISTIANITY","90.2","9.8"
"","ISLAM","100.0",".0"
"","BAHAI",".0",".0"
"","HINDUISM",".0",".0"
"","BADIMO","96.3","3.7"
"","OTHER(SPECIFY)","100.0",".0"
"","NO RELIGION","87.1","12.9"
"Type of locality","Cities & Towns","88.7","11.3"
"","Urban Villages","90.6","9.4"
"","Urban*","179.3","20.7"
"","Rural","90.8","9.2"
"","Total","90.2","9.8"
