"","Table 72C Percentage Distribution of Male Population aged 15-49 years by use of condom the first","","","","",""
"","time they had sex with most, next most and second most recent sexual partner and ALL sexual","","","","",""
"partners by District","","","","","",""
"Final HIV status adjusted for ART status:   Negative","","","","","",""
"","","Did you use a condom the first time you had","","","Did you use a condom the first time you",""
"","","sexual intercourse with this partner 1?","","","had sexual intercourse with this partner 2?",""
"","YES, used","","","YES, used","",""
"District","Condom","NO","Total","Condom","NO","Total"
"Sex of person
Male","83.2","16.8","100.0","94.4","5.6","100.0"
"Gaborone","88.9","11.1","100.0","93.5","6.5","100.0"
"Francistown","88.9","11.1","100.0","100.0",".0","100.0"
"Lobatse","85.0","15.0","100.0","100.0",".0","100.0"
"Selebi-Phikwe","92.6","7.4","100.0","100.0",".0","100.0"
"Orapa","86.6","13.4","100.0","88.6","11.4","100.0"
"Jwaneng","84.8","15.2","100.0","100.0",".0","100.0"
"Sowa","84.1","15.9","100.0","84.1","15.9","100.0"
"Southern","82.3","17.7","100.0","100.0",".0","100.0"
"Barolong","91.0","9.0","100.0","100.0",".0","100.0"
"Ngwaketse West","76.4","23.6","100.0","100.0",".0","100.0"
"Southeast","78.8","21.2","100.0","100.0",".0","100.0"
"Kweneng East","80.7","19.3","100.0","100.0",".0","100.0"
"Kweneng West","65.6","34.4","100.0","100.0",".0","100.0"
"Kgatleng","74.9","25.1","100.0","52.6","47.4","100.0"
"Central-Serowe","85.8","14.2","100.0","100.0",".0","100.0"
"Central-Mahalapye","79.3","20.7","100.0","68.8","31.2","100.0"
"Central-Bobonong","84.5","15.5","100.0","100.0",".0","100.0"
"Central-Boteti","86.4","13.6","100.0","85.4","14.6","100.0"
"Central-Tutume","74.3","25.7","100.0","100.0",".0","100.0"
"Northeast","75.3","24.7","100.0","100.0",".0","100.0"
"Ngamiland South","80.1","19.9","100.0","100.0",".0","100.0"
"Ngamiland North","76.9","23.1","100.0","100.0",".0","100.0"
"Chobe","83.9","16.1","100.0","100.0",".0","100.0"
"Ghanzi","73.4","26.6","100.0","72.1","27.9","100.0"
"Kgalagadi South","84.6","15.4","100.0","90.0","10.0","100.0"
"Kgalagadi North","75.4","24.6","100.0","100.0",".0","100.0"
"Total","82.2","17.8","100.0","93.2","6.8","100.0"
