"NEVER MARRIED
What is","Know condom use can 
prevent HIV infection
93.2","Know that if both partners","have no other partners 
can prevent HIV infection
23.4","Know that having no sex","at all can prevent HIV 
infection
32.7","Know 3 methods of HIV 
Prevention
56.6","Know condom use can 
prevent HIV infection
93.6","Know that if both partners","have no other partners 
can prevent HIV infection
23.1","Know that having no sex 
at all can prevent HIV 
35.3","Know 3 methods of HIV 
Prevention
53.6","Know condom use can 
prevent HIV infection
93.4","Know that if both partners","have no other partners 
can prevent HIV infection
23.2","Know that having no sex","at all can prevent HIV 
infection
34.1","Know 3 methods of HIV 
Prevention
55.0"
"your cur-","","","","","","","","","","","","","","","","",""
"MARRIED","90.9","","31.3","","30.8","52.6","92.3","","25.8","32.1","55.2","91.6","","28.3","","31.5","54.0"
"rent marital","","","","","","","","","","","","","","","","",""
"status?
LIVING TOGETHER/COHABITATION","96.2","","28.4","","23.6","56.4","95.5","","29.7","30.6","50.9","95.8","","29.1","","27.5","53.3"
"SEPARATED","100.0","","22.5","",".0","77.5","98.7","","40.1","17.7","43.5","98.9","","37.2","","14.7","49.2"
"DIVORCED","98.7","","10.5","","17.6","79.5","97.5","","40.2","33.7","38.3","97.9","","31.7","","29.1","50.1"
"WIDOWED","100.0","","26.3","","20.6","53.1","91.2","","23.0","28.2","61.8","93.0","","23.7","","26.6","60.0"
"Total","93.6","","25.7","","30.1","56.1","93.9","","25.3","33.5","53.2","93.7","","25.5","","32.0","54.5"
