"","they had sex with most, next most and second most recent sexual partner and ALL sexual partners by","","","","",""
"background characteristics","","","","","",""
"Final HIV status adjusted for ART status:   Positive","","","","","",""
"","","Did you use a condom the first","","","Did you use a condom the first",""
"","","time you had sexual intercourse","","","time you had sexual intercourse",""
"","","with this partner 1?","","","with this partner 2?",""
"","YES, used","","","YES, used","",""
"Background characteristics","Condom","NO","Total","Condom","NO","Total"
"Highest level of 
None","61.9","38.1","100.0",".0",".0",".0"
"education","","","","","",""
"Non-Formal","66.1","33.9","100.0",".0",".0",".0"
"Primary","73.1","26.9","100.0","100.0",".0","100.0"
"Secondary","89.1","10.9","100.0","92.1","7.9","100.0"
"Higher","91.3","8.7","100.0","80.8","19.2","100.0"
"What is your 
NEVER MARRIED","88.3","11.7","100.0","90.7","9.3","100.0"
"current marital","","","","","",""
"MARRIED","63.0","37.0","100.0","100.0",".0","100.0"
"status?","","","","","",""
"LIVING TOGETHER/COHABITATION","83.1","16.9","100.0","93.1","6.9","100.0"
"SEPARATED","47.0","53.0","100.0",".0",".0",".0"
"DIVORCED","100.0",".0","100.0","100.0",".0","100.0"
"WIDOWED","92.1","7.9","100.0",".0",".0",".0"
"What is your 
CHRISTIANITY","82.9","17.1","100.0","97.0","3.0","100.0"
"main religious","","","","","",""
"ISLAM","100.0",".0","100.0",".0",".0",".0"
"affiliation?","","","","","",""
"BAHAI",".0",".0",".0",".0",".0",".0"
"HINDUISM",".0",".0",".0",".0",".0",".0"
"BADIMO","74.1","25.9","100.0","100.0",".0","100.0"
"OTHER(SPECIFY)","100.0",".0","100.0",".0",".0",".0"
"NO RELIGION","79.5","20.5","100.0","67.3","32.7","100.0"
"Type of locality
Cities & Towns","86.0","14.0","100.0","57.9","42.1","100.0"
"Urban Villages","85.3","14.7","100.0","100.0",".0","100.0"
"Urban*","171.3","28.7","200.0","157.9","42.1","200.0"
"Rural","75.8","24.2","100.0","100.0",".0","100.0"
"Total","82.0","18.0","100.0","92.5","7.5","100.0"
