"","Testing – Provided","952","2472","2453","5877","4263","10140"
"Persons aged 6 weeks and above eligible for","","","","","","",""
"HIV Testing","","","","","","",""
"","HIV Testing Participation Rate (%)","71.1","73.6","70.4","71.8","75.8","73.4"
"","Proportion tested and wanting to","","","","","",""
"","know test Results (%)","78.9","77.3","82.6","81.20%","86.4","79.6"
"","The results show that the survey covered 92.9 percent of targeted sample households. Estimates","","","","","",""
"","for response rates show that 83.9 percent of persons aged 10-64 years answered the individual","","","","","",""
"","questions. Close to three quarters (73.4%) of the population 6 weeks and above participated in","","","","","",""
"","HIV testing; over three quarters (79.6%) of whom wanted to know their HIV test results.","","","","","",""
"","Because of technical problems testing of specimens at the lab was done later than expected","","","","","",""
"","and  this  had  a  cascading  effect  on  the  turnaround  time  for  returning  results  within  the","","","","","",""
"","acceptable three months. A decision was made not to return the test results to participants","","","","","",""
"","because  of  these  delays.  However  the  process  was  piloted","","","in  three  districts  (Kgatleng,","","",""
"Gaborone and Kweneng East)","","","","","","",""
