"Final HIV status adjusted for ART status:   Negative","","","",""
"District","","Ever Had Sex","",""
"","","Used Male/Female Condom","",""
"","","Respondents age at first sex","",""
"","10-14 yrs","15-19 yrs","20-24 yrs","All"
"Gaborone","401","12134","1128","13663"
"Francistown","376","5434","1204","7015"
"Lobatse","45","1299","211","1556"
"Selebi-Phikwe","167","2033","526","2726"
"Orapa","9","444","25","478"
"Jwaneng","17","517","161","696"
"Sowa","10","156","16","182"
"Southern","0","4520","563","5083"
"Barolong","91","1238","724","2052"
"Ngwaketse West","29","385","56","471"
"Southeast","0","4221","185","4407"
"Kweneng East","885","10207","5076","16168"
"Kweneng West","116","2221","0","2337"
"Kgatleng","0","2486","846","3332"
"Central-Serowe","0","5793","1093","6885"
"Central-Mahalapye","454","4416","932","5801"
"Central-Bobonong","0","2040","131","2170"
"Central-Boteti","284","2758","921","3962"
"Central-Tutume","324","4698","388","5410"
"Northeast","0","762","87","849"
"Ngamiland South","172","4482","586","5239"
"Ngamiland North","74","4183","77","4335"
"Chobe","33","1421","353","1806"
"Ghanzi","181","2546","98","2826"
"Kgalagadi South","0","922","180","1102"
"Kgalagadi North","0","608","88","696"
"Total","3669","81923","15655","101247"
