"","Table 32B.1 Percentage Distribution of male population aged 10-64 years by Circumcision status","","",""
"and Background Characteristics","","","",""
"","","Are you circumcised?","",""
"Background Characteristics","","YES","NO","Total"
"What is the highest level of education you","NONE","21.4","78.6","100.0"
"completed?","","","",""
"","NON- FORMAL","35.2","64.8","100.0"
"","PRIMARY","16.6","83.4","100.0"
"","JUNIOR SECONDARY","26.5","73.5","100.0"
"","SENIOR SECONDARY","24.7","75.3","100.0"
"","HIGHER","33.1","66.9","100.0"
"What is your current marital status?","MARRIED","31.0","69.0","100.0"
"","NEVER MARRIED","22.0","78.0","100.0"
"","LIVING TOGETHER/COHABITATION","26.6","73.4","100.0"
"","SEPARATED","9.4","90.6","100.0"
"","DIVORCED","48.5","51.5","100.0"
"","WIDOWED","34.3","65.7","100.0"
"What is your main religious affiliation?","CHRISTIANITY","24.4","75.6","100.0"
"","ISLAM","75.8","24.2","100.0"
"","HINDUISM",".0","100.0","100.0"
"","BADIMO","27.7","72.3","100.0"
"","NO RELIGION","21.3","78.7","100.0"
"","OTHER(SPECIFY)","20.7","79.3","100.0"
"Type of locality","Cities","27.3","72.7","100.0"
"","Towns","30.6","69.4","100.0"
"","Urban Villages","25.9","74.1","100.0"
"","Urban*","26.8","73.2","100.0"
"","Rural","20.6","79.4","100.0"
