"characteristics","","",""
"Final HIV status adjusted for ART status:   Negative","","",""
"","","How many people did you have sex with in the past",""
"","","12 months?",""
"Background characteristics","","One","More than One"
"Sex of person","Female","178329","15150"
"Highest level of education","None","27144","2663"
"","Non-Formal","2233","182"
"","Primary","51989","5700"
"","Secondary","147547","28590"
"","Higher","71817","20148"
"What is your main religious affiliation?","CHRISTIANITY","256472","44262"
"","ISLAM","606","330"
"","BAHAI","0","0"
"","HINDUISM","0","0"
"","BADIMO","12117","5601"
"","OTHER(SPECIFY)","610","477"
"","NO RELIGION","30924","6615"
"Type of locality","Cities & Towns","72265","17783"
"","Urban Villages","117611","25257"
"","Urban*","189876","43040"
"","Rural","110854","14243"
"","Total","300730","57283"
