"","55 - 59","33.0","16.1","22.8"
"","60 - 64","18.2","20.6","19.5"
"","65 +","9.5","10.4","10.0"
"","Total","15.6","20.8","18.5"
"","According to Figure 2, national age pattern of HIV prevalence rate is at its peak from 30-34","","",""
"","age group (33.9 percent) to a maximum of 43.7 percent in the age range 35-39, 41.8 percent","","",""
"","in the age range of 40-44 and 42 percent in the age range 45-49 respectively. However, the","","",""
"","male and female patterns show differential peaks, with women’s prevalence peaking (nearly","","",""
"","50 percent) earlier at age (35-39) while that of males peaks 5 years of age later to 43.8 percent.","","",""
"","Male prevalence appears to have a late surge in the late 50s and females in the early 60s; for","","",""
"","those above 65 years of age male prevalence is slightly lower (9.8percent) compared to the","","",""
"","previous BAIS III of 12.6 percent. The prevalence for females (10.9 percent) at 60 years and","","",""
"","above has slightly gone up from 8.8 percent in BAIS III to 10.9 percent.","","",""
"5.3.2","Residence","","",""
"Urban areas were found to have a prevalence of 17.5 percent compared to the previous BIAS","","","",""
"III of 17.9 percent. Rural areas have a slightly lower prevalence rate of 15.8 percent compared","","","",""
"to the BIAS III of 17.1 percent. In Urban areas Towns have a much higher prevalence rate of 20.2","","","",""
"percent which is a slight decrease from 22.1 percent from BAIS III.  Cities have a prevalence of","","","",""
"18.6 percent which is also a slight decrease compared to the BIAS III prevalence of 19.1. The","","","",""
"prevalence in Urban Villages was found to be 16.8 percent compared to 16.6 from the BAIS III.","","","",""
"5.3.3","Prevalence Rate by Residence and Sex","","",""
"","Urban  areas  refer  to  a  combination  of  Cities,  Towns  and  Urban  villages.  The  prevalence  in","","",""
"","urban areas combined is higher (19.2 percent) than rural areas (17.4 percent). Rural areas have","","",""
"","had almost the same prevalence rate over the years, 17.1 percent in 2008 and 17.4 percent","","",""
"","in 2013.In urban areas; Towns have a much higher prevalence rate of 21.6 percent which is a","","",""
"","slight decrease from 22.1 percent from BAIS III.  Cities have a prevalence of 19.5 percent which","","",""
"","is almost the same as BAIS III prevalence of 19.1. The prevalence in Urban Villages was found to","","",""
"","be 18.7 percent compared to 16.6 from the BAIS III.","","",""
