"Final HIV status adjusted for ART status:   Negative","","","","",""
"","","","","Ever Had Sex",""
"","","","Used Male/Female Condom","",""
"","","","Respondents age at first sex","",""
"Characteristic","","10-14 yrs","15-19 yrs","20-24 yrs","All"
"Sex of person","Male","4.7","75.3","20.0","100.0"
"Highest level of","None","20.7","53.3","26.1","100.0"
"education","","","","",""
"","Non_Formal",".0","49.6","50.4","100.0"
"","Primary","16.3","82.8",".9","100.0"
"","Secondary","1.7","84.3","14.0","100.0"
"","Higher","5.5","72.1","22.4","100.0"
"What is your current","NEVER MARRIED","4.1","79.4","16.5","100.0"
"marital status?","","","","",""
"","MARRIED",".0","63.9","36.1","100.0"
"","LIVING TOGETHER/COHABITATION","2.1","86.4","11.4","100.0"
"","SEPARATED",".0",".0",".0",".0"
"","DIVORCED",".0",".0",".0",".0"
"","WIDOWED",".0",".0",".0",".0"
"Type of locality","Cities & Towns","3.9","83.6","12.5","100.0"
"","Urban Villages","3.6","74.0","22.4","100.0"
"","Urban*","7.6","157.6","34.9","200.0"
"","Rural","3.4","87.9","8.8","100.0"
"","Total","3.6","80.9","15.5","100.0"
