"Table 6a Number of households caring for orphans by status of outside help/sup-","","","",""
"port, district and residence","","","",""
"","","Orphan Care","",""
"District and Residence","Yes","","No","Total"
"Cities","6.3","","93.7","100.0"
"Towns","1.8","","98.2","100.0"
"Urban Villages","2.4","","97.6","100.0"
"Rural","3.6","","96.4","100.0"
"Gaborone","10.9","","89.1","100.0"
"Francistown","2.2","","97.8","100.0"
"Lobatse","4.9","","95.1","100.0"
"Selebi-Phikwe","1.1","","98.9","100.0"
"Orapa",".0","","100.0","100.0"
"Jwaneng",".0","","100.0","100.0"
"Sowa",".0","","100.0","100.0"
"Southern","2.5","","97.5","100.0"
"Barolong",".0","","100.0","100.0"
"Ngwaketse West","9.7","","90.3","100.0"
"Southeast","2.1","","97.9","100.0"
"Kweneng East",".8","","99.2","100.0"
"Kweneng West","2.3","","97.7","100.0"
"Kgatleng","1.8","","98.2","100.0"
"Central-Serowe","6.0","","94.0","100.0"
"Central-Mahalapye","4.5","","95.5","100.0"
"Central-Bobonong","2.9","","97.1","100.0"
"Central-Boteti","4.2","","95.8","100.0"
"Central-Tutume","6.4","","93.6","100.0"
"Northeast","1.8","","98.2","100.0"
"Ngamiland South","1.9","","98.1","100.0"
"Ngamiland North","1.9","","98.1","100.0"
"Chobe","9.4","","90.6","100.0"
"Ghanzi","3.9","","96.1","100.0"
"Kgalagadi South","1.9","","98.1","100.0"
"Kgalagadi North","4.6","","95.4","100.0"
