"","Table 53B: Percentage Distribution of population aged 10-64 years who have ever accessed any of the social","","","","",""
"","and medical services by whether or not they received any HIV/AIDS prevention message through any of the","","","","",""
"","social and medical services and background characteristics","","","","",""
"Final HIV status adjusted for ART status:   Positive","","","","","",""
"","","Male","","Female","","All"
"","Did you receive any HIV/","","Did you receive any HIV/","","Did you receive any HIV/",""
"","AIDS prevention messag-","","AIDS prevention messag-","","AIDS prevention messag-",""
"","es through any of those","","es through any of those","","","es through any of those"
"","","services?","","services?","","services?"
"Background Characteristics","1","2","1","2","1","2"
"Highest level of 
None","92.5","7.5","79.3","20.7","85.5","14.5"
"education","","","","","",""
"Non-Formal","100.0",".0","100.0",".0","100.0",".0"
"Primary","89.9","10.1","96.8","3.2","94.3","5.7"
"Secondary","94.2","5.8","94.4","5.6","94.4","5.6"
"Higher","93.8","6.2","95.0","5.0","94.6","5.4"
"What is your cur-
NEVER MARRIED","90.2","9.8","93.7","6.3","92.7","7.3"
"rent marital status?","","","","","",""
"MARRIED","98.5","1.5","96.0","4.0","97.1","2.9"
"LIVING TOGETHER/COHABITATION","91.6","8.4","92.7","7.3","92.3","7.7"
"SEPARATED","100.0",".0","100.0",".0","100.0",".0"
"DIVORCED","100.0",".0","100.0",".0","100.0",".0"
"WIDOWED","95.8","4.2","99.1",".9","98.5","1.5"
"What is your main 
CHRISTIANITY","92.9","7.1","94.9","5.1","94.3","5.7"
"religious affiliation?","","","","","",""
"ISLAM","100.0",".0",".0",".0","100.0",".0"
"BAHAI",".0",".0",".0",".0",".0",".0"
"HINDUISM",".0",".0",".0",".0",".0",".0"
"BADIMO","97.1","2.9","75.5","24.5","88.1","11.9"
"OTHER(SPECIFY)","100.0",".0","100.0",".0","100.0",".0"
"NO RELIGION","87.4","12.6","89.7","10.3","88.6","11.4"
"Type of locality
Cities & Towns","94.4","5.6","94.3","5.7","94.4","5.6"
"Urban Villages","90.4","9.6","97.2","2.8","95.1","4.9"
"Urban*","184.9","15.1","191.6","8.4","189.5","10.5"
"Rural","93.2","6.8","90.0","10.0","91.1","8.9"
