"Table 50C Percentage Distribution of population aged 10-64 years by belief that a","","","",""
"woman can decide if she will have safe sex (e.g. Use condom?) by District","","","",""
"","","Do you agree that a woman has a right to decide if","",""
"","","she will have safe sex (e.g. use a condom)?","",""
"District","YES","NO","UNSURE","Total"
"Gaborone","93.1","3.5","3.4","100.0"
"Francistown","90.1","7.5","2.5","100.0"
"Lobatse","92.7","3.9","3.4","100.0"
"Selebi-Phikwe","93.3","2.6","4.0","100.0"
"Orapa","92.8","3.4","3.8","100.0"
"Jwaneng","95.2","1.7","3.2","100.0"
"Sowa","90.2","6.7","3.1","100.0"
"Southern","94.9","2.0","3.2","100.0"
"Barolong","86.9","3.3","9.8","100.0"
"Ngwaketse West","87.0","5.7","7.3","100.0"
"Southeast","93.8","4.2","2.0","100.0"
"Kweneng East","85.9","7.5","6.6","100.0"
"Kweneng West","65.9","11.9","22.2","100.0"
"Kgatleng","89.2","5.3","5.5","100.0"
"Central-Serowe","85.6","4.8","9.6","100.0"
"Central-Mahalapye","90.8","4.0","5.2","100.0"
"Central-Bobonong","82.7","5.9","11.4","100.0"
"Central-Boteti","90.8","5.2","4.0","100.0"
"Central-Tutume","81.5","8.8","9.7","100.0"
"Northeast","87.1","3.3","9.6","100.0"
"Ngamiland South","90.4","4.4","5.2","100.0"
"Ngamiland North","82.4","5.3","12.3","100.0"
"Chobe","95.5","3.4","1.1","100.0"
"Ghanzi","86.5","6.4","7.1","100.0"
"Kgalagadi South","85.6","5.4","8.9","100.0"
"Kgalagadi North","80.2","9.4","10.4","100.0"
"Total","88.2","5.3","6.4","100.0"
