"None
Highest","Know condom use can 
prevent HIV infection
92.4","Know that if both 
partners have no other","partners can prevent 
HIV infection
20.9","Know that having no sex","at all can prevent HIV 
infection
19.9","Know 3 methods of HIV 
Prevention
69.2","Know condom use can 
prevent HIV infection
88.4","Know that if both 
partners have no other","partners can prevent 
HIV infection
26.5","Know that having no sex","at all can prevent HIV 
infection
20.1","Know 3 methods of HIV 
Prevention
65.8","Know condom use can 
prevent HIV infection
90.6","Know that if both 
partners have no other","partners can prevent 
HIV infection
23.4","Know that having no sex","at all can prevent HIV 
infection
20.0","Know 3 methods of HIV 
Prevention
67.7"
"level of","","","","","","","","","","","","","","","","","",""
"Non-Formal","96.9","","24.8","","2.6","78.3","96.1","","21.4","","24.3","59.7","96.3","","22.3","","18.8","64.4"
"education","","","","","","","","","","","","","","","","","",""
"Primary","90.5","","20.2","","23.1","68.9","91.7","","20.6","","28.7","62.0","91.2","","20.5","","26.3","64.8"
"Secondary","95.4","","24.7","","30.9","54.1","95.6","","24.6","","32.9","51.7","95.5","","24.6","","32.1","52.7"
"Higher","92.9","","34.0","","38.5","44.4","93.2","","32.0","","44.1","44.0","93.0","","33.0","","41.4","44.2"
"Total","93.6","","25.7","","30.1","56.1","93.9","","25.3","","33.5","53.2","93.7","","25.5","","32.0","54.5"
