"","Table 70C Percentage Distribution of Male Population 15-49 years, who had sexual intercourse","","","","",""
"","during the 12 months before the survey, by type of relationship with sexual partner and District","","","","",""
"Final HIV status adjusted for ART status:   Positive","","","","","",""
"","Type of partner(1)","","Type of partner(2)","","Type of partner(3)",""
"","Regular","Non-Regular","Regular","Non-Regular","Regular","Non-Regular"
"District","Partner","Partner","Partner","Partner","Partner","Partner"
"Sex of person
Female","52.9","47.1","22.1","77.9",".0","100.0"
"Gaborone","65.8","34.2","34.3","65.7",".0",".0"
"Francistown","60.0","40.0","13.3","86.7",".0","100.0"
"Lobatse","58.6","41.4",".0","100.0",".0","100.0"
"Selebi-Phikwe","60.5","39.5","17.3","82.7",".0","100.0"
"Orapa","57.4","42.6","7.2","92.8",".0","100.0"
"Jwaneng","53.1","46.9",".0","100.0",".0",".0"
"Sowa","63.4","36.6",".0","100.0",".0","100.0"
"Southern","58.2","41.8",".0","100.0",".0","100.0"
"Barolong","65.3","34.7",".0","100.0",".0",".0"
"Ngwaketse West","57.4","42.6",".0","100.0",".0",".0"
"Southeast","66.8","33.2",".0","100.0",".0",".0"
"Kweneng East","54.9","45.1","44.5","55.5",".0","100.0"
"Kweneng West","51.7","48.3",".0",".0",".0",".0"
"Kgatleng","47.9","52.1","31.3","68.7",".0","100.0"
"Central-Serowe","47.8","52.2",".0","100.0",".0",".0"
"Central-Mahalapye","45.5","54.5","22.2","77.8",".0","100.0"
"Central-Bobonong","52.8","47.2",".0","100.0",".0",".0"
"Central-Boteti","57.4","42.6","23.5","76.5",".0","100.0"
"Central-Tutume","47.6","52.4","21.2","78.8",".0",".0"
"Northeast","52.0","48.0",".0","100.0",".0",".0"
"Ngamiland South","40.2","59.8",".0","100.0",".0","100.0"
"Ngamiland North","67.2","32.8","37.7","62.3",".0",".0"
"Chobe","59.7","40.3","6.6","93.4",".0","100.0"
"Ghanzi","77.5","22.5",".0","100.0",".0","100.0"
"Kgalagadi South","49.1","50.9","32.2","67.8",".0","100.0"
"Kgalagadi North","53.9","46.1",".0",".0",".0",".0"
"Total","55.4","44.6","17.9","82.1",".0","100.0"
